CJ 444444;2020-03-222; ; corect
cJ 444444;2020-03-22; ; corect
CJ 444s444;2020-03-22; ; corect
CJ 444444;2020-03-222; ; corect
dp 444444;2020-03-22; ; corect
KX636141;2012-09-25;CJ 84 ADC;corect
KX636141;2012-09-25;CJ 84 ADC;corect
KX636141;2012-09-25;CJ 84 ADC;corect
KX636141;2012-09-25;CJ 84 ADC;corect
KX636141;2012-09-25;CJ 84 ADC;corect
KX636141;2012-09-25;CJ 84 ADC;corect
KX636141;2012-09-25;CJ 84 ADC;corect
KX636141;2012-09-25;CJ 85 ADC;corect
KX636141;2012-09-25;CJ 85 ADC;corect
KX636141;2012-09-25;CJ 85 ADC;corect
KX636141;2012-09-25;CJ 85 ADC;corect
KX636141;2012-09-25;CJ 85 ADC;corect
KX636141;2012-09-25;CJ 85 ADC;corect
KX636141;2012-09-25;CJ 85 ADC;corect
KX636141;2012-09-25;CJ 85 ADC;corect
KX636141;2012-09-25;CJ 85 ADC;corect
KX636141;2012-09-25;CJ 85 ADC;corect
KX636141;2020-09-25;CJ 85 ADC;corect
KX636141;2012-09-25;CJ 85 ADC;corect
KX636141;2012-09-25;CJ 85 ADC;corect